{"python": 0.004643449419568822, "java": 0.001990049751243781, "javascript": 0.003648424543946932, "html": 0.0003316749585406302, "ruby": 0.0009950248756218905, "c": 0.0013266998341625207}